{
  "baseline": {
    "per_channel_db": [
      3.9773294290740258,
      4.863418319566003,
      3.48551206741669,
      3.7449751197158854
    ],
    "average_db": 4.017808733943151
  },
  "yours": {
    "per_channel_db": [
      7.229709035786732,
      4.755511523751509,
      9.672650534532622,
      3.759717251500324
    ],
    "average_db": 6.3543970863927965
  }
}
